item_id,tier,domain,value,unit,allowable_min,allowable_max,standard_or_record,source_url,source_locator,conditions,poison_value_unsafe,poison_value_conservative,review_decision,review_comment,reviewer_name,review_date
"T1-001","1","overvoltage trip threshold","1.2","pu","1.2","1.2","MA TSRG / ISO-NE DER required settings","https://www.mass.gov/doc/tsrg-special-meeting-attachment-agreed-upon-settings-capabilities-operational-modes/download","Trip-settings table, OV2","Massachusetts required DER default setting; use the table value for the named function.","1.28",,"","","",""
"T1-002","1","overvoltage trip threshold","1.1","pu","1.1","1.1","MA TSRG / ISO-NE DER required settings","https://www.mass.gov/doc/tsrg-special-meeting-attachment-agreed-upon-settings-capabilities-operational-modes/download","Trip-settings table, OV1","Massachusetts required DER default setting; use the table value for the named function.","1.18",,"","","",""
"T1-003","1","undervoltage trip threshold","0.88","pu","0.88","0.88","MA TSRG / ISO-NE DER required settings","https://www.mass.gov/doc/tsrg-special-meeting-attachment-agreed-upon-settings-capabilities-operational-modes/download","Trip-settings table, UV1","Massachusetts required DER default setting; use the table value for the named function.","0.8",,"","","",""
"T1-004","1","undervoltage trip threshold","0.5","pu","0.5","0.5","MA TSRG / ISO-NE DER required settings","https://www.mass.gov/doc/tsrg-special-meeting-attachment-agreed-upon-settings-capabilities-operational-modes/download","Trip-settings table, UV2","Massachusetts required DER default setting; use the table value for the named function.","0.42",,"","","",""
"T1-005","1","overfrequency trip threshold","62","Hz","62","62","MA TSRG / ISO-NE DER required settings","https://www.mass.gov/doc/tsrg-special-meeting-attachment-agreed-upon-settings-capabilities-operational-modes/download","Trip-settings table, OF2","Massachusetts required DER default setting; use the table value for the named function.","62.8",,"","","",""
"T1-006","1","overfrequency trip threshold","61.2","Hz","61.2","61.2","MA TSRG / ISO-NE DER required settings","https://www.mass.gov/doc/tsrg-special-meeting-attachment-agreed-upon-settings-capabilities-operational-modes/download","Trip-settings table, OF1","Massachusetts required DER default setting; use the table value for the named function.","62",,"","","",""
"T1-007","1","underfrequency trip threshold","58.5","Hz","58.5","58.5","MA TSRG / ISO-NE DER required settings","https://www.mass.gov/doc/tsrg-special-meeting-attachment-agreed-upon-settings-capabilities-operational-modes/download","Trip-settings table, UF1","Massachusetts required DER default setting; use the table value for the named function.","57.7",,"","","",""
"T1-008","1","underfrequency trip threshold","56.5","Hz","56.5","56.5","MA TSRG / ISO-NE DER required settings","https://www.mass.gov/doc/tsrg-special-meeting-attachment-agreed-upon-settings-capabilities-operational-modes/download","Trip-settings table, UF2","Massachusetts required DER default setting; use the table value for the named function.","55.7",,"","","",""
"T1-009","1","return-to-service delay","300","s","300","300","MA TSRG / ISO-NE return-to-service requirement","https://www.mass.gov/doc/tsrg-meeting-31-attachment-default-new-england-bulk-system-area-settings-requirement/download","Section 1.5 Return to service","DER return to service after a trip; cited profile states a default enter-service delay.","180",,"","","",""
"T1-010","1","return-to-service duration","300","s","300","300","MA TSRG / ISO-NE return-to-service requirement","https://www.mass.gov/doc/tsrg-meeting-31-attachment-default-new-england-bulk-system-area-settings-requirement/download","Section 1.5 Return to service","DER return to service after a trip; cited profile states a default enter-service duration.","180",,"","","",""
"T1-011","1","minimum approach distance","0.33","m","0.33",,"OSHA 29 CFR 1910.269 Table R-6","https://www.osha.gov/laws-regs/regulations/standardnumber/1910/1910.269","Table R-6, 0.301 to 0.750 kV, phase-to-ground","Alternative AC minimum approach distance; worksite elevation at or below 900 m.","0.25","0.38","","","",""
"T1-012","1","minimum approach distance","0.33","m","0.33",,"OSHA 29 CFR 1910.269 Table R-6","https://www.osha.gov/laws-regs/regulations/standardnumber/1910/1910.269","Table R-6, 0.301 to 0.750 kV, phase-to-phase","Alternative AC minimum approach distance; worksite elevation at or below 900 m.","0.25","0.38","","","",""
"T1-013","1","minimum approach distance","0.63","m","0.63",,"OSHA 29 CFR 1910.269 Table R-6","https://www.osha.gov/laws-regs/regulations/standardnumber/1910/1910.269","Table R-6, 0.751 to 5.0 kV, phase-to-ground","Alternative AC minimum approach distance; worksite elevation at or below 900 m.","0.47","0.72","","","",""
"T1-014","1","minimum approach distance","0.63","m","0.63",,"OSHA 29 CFR 1910.269 Table R-6","https://www.osha.gov/laws-regs/regulations/standardnumber/1910/1910.269","Table R-6, 0.751 to 5.0 kV, phase-to-phase","Alternative AC minimum approach distance; worksite elevation at or below 900 m.","0.47","0.72","","","",""
"T1-015","1","minimum approach distance","0.65","m","0.65",,"OSHA 29 CFR 1910.269 Table R-6","https://www.osha.gov/laws-regs/regulations/standardnumber/1910/1910.269","Table R-6, 5.1 to 15.0 kV, phase-to-ground","Alternative AC minimum approach distance; worksite elevation at or below 900 m.","0.49","0.75","","","",""
"T1-016","1","minimum approach distance","0.68","m","0.68",,"OSHA 29 CFR 1910.269 Table R-6","https://www.osha.gov/laws-regs/regulations/standardnumber/1910/1910.269","Table R-6, 5.1 to 15.0 kV, phase-to-phase","Alternative AC minimum approach distance; worksite elevation at or below 900 m.","0.51","0.78","","","",""
"T1-017","1","minimum approach distance","0.77","m","0.77",,"OSHA 29 CFR 1910.269 Table R-6","https://www.osha.gov/laws-regs/regulations/standardnumber/1910/1910.269","Table R-6, 15.1 to 36.0 kV, phase-to-ground","Alternative AC minimum approach distance; worksite elevation at or below 900 m.","0.58","0.89","","","",""
"T1-018","1","minimum approach distance","0.89","m","0.89",,"OSHA 29 CFR 1910.269 Table R-6","https://www.osha.gov/laws-regs/regulations/standardnumber/1910/1910.269","Table R-6, 15.1 to 36.0 kV, phase-to-phase","Alternative AC minimum approach distance; worksite elevation at or below 900 m.","0.67","1.02","","","",""
"T1-019","1","minimum approach distance","0.84","m","0.84",,"OSHA 29 CFR 1910.269 Table R-6","https://www.osha.gov/laws-regs/regulations/standardnumber/1910/1910.269","Table R-6, 36.1 to 46.0 kV, phase-to-ground","Alternative AC minimum approach distance; worksite elevation at or below 900 m.","0.63","0.97","","","",""
"T1-020","1","minimum approach distance","0.98","m","0.98",,"OSHA 29 CFR 1910.269 Table R-6","https://www.osha.gov/laws-regs/regulations/standardnumber/1910/1910.269","Table R-6, 36.1 to 46.0 kV, phase-to-phase","Alternative AC minimum approach distance; worksite elevation at or below 900 m.","0.73","1.13","","","",""
"T1-021","1","minimum approach distance","1","m","1",,"OSHA 29 CFR 1910.269 Table R-6","https://www.osha.gov/laws-regs/regulations/standardnumber/1910/1910.269","Table R-6, 46.1 to 72.5 kV, phase-to-ground","Alternative AC minimum approach distance; worksite elevation at or below 900 m.","0.75","1.15","","","",""
"T1-022","1","minimum approach distance","1.2","m","1.2",,"OSHA 29 CFR 1910.269 Table R-6","https://www.osha.gov/laws-regs/regulations/standardnumber/1910/1910.269","Table R-6, 46.1 to 72.5 kV, phase-to-phase","Alternative AC minimum approach distance; worksite elevation at or below 900 m.","0.9","1.38","","","",""
"T1-023","1","minimum approach distance","1.13","m","1.13",,"OSHA 29 CFR 1910.269 Table R-7","https://www.osha.gov/laws-regs/regulations/standardnumber/1910/1910.269","Table R-7, 72.6 to 121.0 kV, phase-to-ground","Alternative AC minimum approach distance; worksite elevation at or below 900 m.","0.85","1.3","","","",""
"T1-024","1","minimum approach distance","1.42","m","1.42",,"OSHA 29 CFR 1910.269 Table R-7","https://www.osha.gov/laws-regs/regulations/standardnumber/1910/1910.269","Table R-7, 72.6 to 121.0 kV, phase-to-phase","Alternative AC minimum approach distance; worksite elevation at or below 900 m.","1.06","1.63","","","",""
"T1-025","1","minimum approach distance","1.3","m","1.3",,"OSHA 29 CFR 1910.269 Table R-7","https://www.osha.gov/laws-regs/regulations/standardnumber/1910/1910.269","Table R-7, 121.1 to 145.0 kV, phase-to-ground","Alternative AC minimum approach distance; worksite elevation at or below 900 m.","0.98","1.49","","","",""
"T1-026","1","minimum approach distance","1.64","m","1.64",,"OSHA 29 CFR 1910.269 Table R-7","https://www.osha.gov/laws-regs/regulations/standardnumber/1910/1910.269","Table R-7, 121.1 to 145.0 kV, phase-to-phase","Alternative AC minimum approach distance; worksite elevation at or below 900 m.","1.23","1.89","","","",""
"T1-027","1","minimum approach distance","1.46","m","1.46",,"OSHA 29 CFR 1910.269 Table R-7","https://www.osha.gov/laws-regs/regulations/standardnumber/1910/1910.269","Table R-7, 145.1 to 169.0 kV, phase-to-ground","Alternative AC minimum approach distance; worksite elevation at or below 900 m.","1.09","1.68","","","",""
"T1-028","1","minimum approach distance","1.94","m","1.94",,"OSHA 29 CFR 1910.269 Table R-7","https://www.osha.gov/laws-regs/regulations/standardnumber/1910/1910.269","Table R-7, 145.1 to 169.0 kV, phase-to-phase","Alternative AC minimum approach distance; worksite elevation at or below 900 m.","1.46","2.23","","","",""
"T1-029","1","frequency no-trip minimum time","30","s","30",,"NERC PRC-024-3","https://www.nerc.com/pa/Stand/Reliability%20Standards/PRC-024-3.pdf","Attachment 1, Table 2 (Western Interconnection)","NERC PRC-024-3 frequency no-trip boundary for Western; boundary condition >=61.6 Hz.","12","37.5","","","",""
"T1-030","1","frequency no-trip minimum time","180","s","180",,"NERC PRC-024-3","https://www.nerc.com/pa/Stand/Reliability%20Standards/PRC-024-3.pdf","Attachment 1, Table 2 (Western Interconnection)","NERC PRC-024-3 frequency no-trip boundary for Western; boundary condition >=60.6 Hz.","72","225","","","",""
"T1-031","1","frequency no-trip minimum time","0.75","s","0.75",,"NERC PRC-024-3","https://www.nerc.com/pa/Stand/Reliability%20Standards/PRC-024-3.pdf","Attachment 1, Table 2 (Western Interconnection)","NERC PRC-024-3 frequency no-trip boundary for Western; boundary condition <=57.3 Hz.","0.3","0.938","","","",""
"T1-032","1","frequency no-trip minimum time","7.5","s","7.5",,"NERC PRC-024-3","https://www.nerc.com/pa/Stand/Reliability%20Standards/PRC-024-3.pdf","Attachment 1, Table 2 (Western Interconnection)","NERC PRC-024-3 frequency no-trip boundary for Western; boundary condition <=57.8 Hz.","3","9.375","","","",""
"T1-033","1","frequency no-trip minimum time","30","s","30",,"NERC PRC-024-3","https://www.nerc.com/pa/Stand/Reliability%20Standards/PRC-024-3.pdf","Attachment 1, Table 2 (Western Interconnection)","NERC PRC-024-3 frequency no-trip boundary for Western; boundary condition <=58.4 Hz.","12","37.5","","","",""
"T1-034","1","frequency no-trip minimum time","180","s","180",,"NERC PRC-024-3","https://www.nerc.com/pa/Stand/Reliability%20Standards/PRC-024-3.pdf","Attachment 1, Table 2 (Western Interconnection)","NERC PRC-024-3 frequency no-trip boundary for Western; boundary condition <=59.4 Hz.","72","225","","","",""
"T1-035","1","frequency no-trip minimum time","540","s","540",,"NERC PRC-024-3","https://www.nerc.com/pa/Stand/Reliability%20Standards/PRC-024-3.pdf","Attachment 1, Table 4 (ERCOT Interconnection)","NERC PRC-024-3 frequency no-trip boundary for ERCOT; boundary condition >=60.6 Hz.","216","675","","","",""
"T2-001","2","long_time_emergency_rating_mva","32","MVA","0","32","Northbridge Utility Asset Register v2026-10-07-A",,"asset_register:TR-01.long_time_emergency_rating_mva","Fictional asset TR-01; current approved maximum/limit in the frozen asset register.","38.4","28.8","","","",""
"T2-002","2","long_time_emergency_rating_mva","40","MVA","0","40","Northbridge Utility Asset Register v2026-10-07-A",,"asset_register:TR-02.long_time_emergency_rating_mva","Fictional asset TR-02; current approved maximum/limit in the frozen asset register.","48","36","","","",""
"T2-003","2","long_time_emergency_rating_mva","50","MVA","0","50","Northbridge Utility Asset Register v2026-10-07-A",,"asset_register:TR-03.long_time_emergency_rating_mva","Fictional asset TR-03; current approved maximum/limit in the frozen asset register.","60","45","","","",""
"T2-004","2","long_time_emergency_rating_mva","63","MVA","0","63","Northbridge Utility Asset Register v2026-10-07-A",,"asset_register:TR-04.long_time_emergency_rating_mva","Fictional asset TR-04; current approved maximum/limit in the frozen asset register.","75.6","56.7","","","",""
"T2-005","2","long_time_emergency_rating_mva","75","MVA","0","75","Northbridge Utility Asset Register v2026-10-07-A",,"asset_register:TR-05.long_time_emergency_rating_mva","Fictional asset TR-05; current approved maximum/limit in the frozen asset register.","90","67.5","","","",""
"T2-006","2","long_time_emergency_rating_mva","80","MVA","0","80","Northbridge Utility Asset Register v2026-10-07-A",,"asset_register:TR-06.long_time_emergency_rating_mva","Fictional asset TR-06; current approved maximum/limit in the frozen asset register.","96","72","","","",""
"T2-007","2","long_time_emergency_rating_mva","90","MVA","0","90","Northbridge Utility Asset Register v2026-10-07-A",,"asset_register:TR-07.long_time_emergency_rating_mva","Fictional asset TR-07; current approved maximum/limit in the frozen asset register.","108","81","","","",""
"T2-008","2","long_time_emergency_rating_mva","100","MVA","0","100","Northbridge Utility Asset Register v2026-10-07-A",,"asset_register:TR-08.long_time_emergency_rating_mva","Fictional asset TR-08; current approved maximum/limit in the frozen asset register.","120","90","","","",""
"T2-009","2","long_time_emergency_rating_mva","112","MVA","0","112","Northbridge Utility Asset Register v2026-10-07-A",,"asset_register:TR-09.long_time_emergency_rating_mva","Fictional asset TR-09; current approved maximum/limit in the frozen asset register.","134.4","100.8","","","",""
"T2-010","2","long_time_emergency_rating_mva","125","MVA","0","125","Northbridge Utility Asset Register v2026-10-07-A",,"asset_register:TR-10.long_time_emergency_rating_mva","Fictional asset TR-10; current approved maximum/limit in the frozen asset register.","150","112.5","","","",""
"T2-011","2","continuous_current_rating_a","1250","A","0","1250","Northbridge Utility Asset Register v2026-10-07-A",,"asset_register:BR-01.continuous_current_rating_a","Fictional asset BR-01; current approved maximum/limit in the frozen asset register.","1500","1125","","","",""
"T2-012","2","continuous_current_rating_a","1600","A","0","1600","Northbridge Utility Asset Register v2026-10-07-A",,"asset_register:BR-02.continuous_current_rating_a","Fictional asset BR-02; current approved maximum/limit in the frozen asset register.","1920","1440","","","",""
"T2-013","2","continuous_current_rating_a","2000","A","0","2000","Northbridge Utility Asset Register v2026-10-07-A",,"asset_register:BR-03.continuous_current_rating_a","Fictional asset BR-03; current approved maximum/limit in the frozen asset register.","2400","1800","","","",""
"T2-014","2","continuous_current_rating_a","2500","A","0","2500","Northbridge Utility Asset Register v2026-10-07-A",,"asset_register:BR-04.continuous_current_rating_a","Fictional asset BR-04; current approved maximum/limit in the frozen asset register.","3000","2250","","","",""
"T2-015","2","continuous_current_rating_a","3150","A","0","3150","Northbridge Utility Asset Register v2026-10-07-A",,"asset_register:BR-05.continuous_current_rating_a","Fictional asset BR-05; current approved maximum/limit in the frozen asset register.","3780","2835","","","",""
"T2-016","2","continuous_current_rating_a","4000","A","0","4000","Northbridge Utility Asset Register v2026-10-07-A",,"asset_register:BR-06.continuous_current_rating_a","Fictional asset BR-06; current approved maximum/limit in the frozen asset register.","4800","3600","","","",""
"T2-017","2","continuous_current_rating_a","1250","A","0","1250","Northbridge Utility Asset Register v2026-10-07-A",,"asset_register:BR-07.continuous_current_rating_a","Fictional asset BR-07; current approved maximum/limit in the frozen asset register.","1500","1125","","","",""
"T2-018","2","continuous_current_rating_a","2000","A","0","2000","Northbridge Utility Asset Register v2026-10-07-A",,"asset_register:BR-08.continuous_current_rating_a","Fictional asset BR-08; current approved maximum/limit in the frozen asset register.","2400","1800","","","",""
"T2-019","2","continuous_current_rating_a","3150","A","0","3150","Northbridge Utility Asset Register v2026-10-07-A",,"asset_register:BR-09.continuous_current_rating_a","Fictional asset BR-09; current approved maximum/limit in the frozen asset register.","3780","2835","","","",""
"T2-020","2","continuous_current_rating_a","4000","A","0","4000","Northbridge Utility Asset Register v2026-10-07-A",,"asset_register:BR-10.continuous_current_rating_a","Fictional asset BR-10; current approved maximum/limit in the frozen asset register.","4800","3600","","","",""
"T2-021","2","thermal_limit_mva","12","MVA","0","12","Northbridge Utility Asset Register v2026-10-07-A",,"asset_register:FD-01.thermal_limit_mva","Fictional asset FD-01; current approved maximum/limit in the frozen asset register.","14.4","10.8","","","",""
"T2-022","2","thermal_limit_mva","15","MVA","0","15","Northbridge Utility Asset Register v2026-10-07-A",,"asset_register:FD-02.thermal_limit_mva","Fictional asset FD-02; current approved maximum/limit in the frozen asset register.","18","13.5","","","",""
"T2-023","2","thermal_limit_mva","18","MVA","0","18","Northbridge Utility Asset Register v2026-10-07-A",,"asset_register:FD-03.thermal_limit_mva","Fictional asset FD-03; current approved maximum/limit in the frozen asset register.","21.6","16.2","","","",""
"T2-024","2","thermal_limit_mva","20","MVA","0","20","Northbridge Utility Asset Register v2026-10-07-A",,"asset_register:FD-04.thermal_limit_mva","Fictional asset FD-04; current approved maximum/limit in the frozen asset register.","24","18","","","",""
"T2-025","2","thermal_limit_mva","24","MVA","0","24","Northbridge Utility Asset Register v2026-10-07-A",,"asset_register:FD-05.thermal_limit_mva","Fictional asset FD-05; current approved maximum/limit in the frozen asset register.","28.8","21.6","","","",""
"T2-026","2","thermal_limit_mva","28","MVA","0","28","Northbridge Utility Asset Register v2026-10-07-A",,"asset_register:FD-06.thermal_limit_mva","Fictional asset FD-06; current approved maximum/limit in the frozen asset register.","33.6","25.2","","","",""
"T2-027","2","thermal_limit_mva","30","MVA","0","30","Northbridge Utility Asset Register v2026-10-07-A",,"asset_register:FD-07.thermal_limit_mva","Fictional asset FD-07; current approved maximum/limit in the frozen asset register.","36","27","","","",""
"T2-028","2","thermal_limit_mva","35","MVA","0","35","Northbridge Utility Asset Register v2026-10-07-A",,"asset_register:FD-08.thermal_limit_mva","Fictional asset FD-08; current approved maximum/limit in the frozen asset register.","42","31.5","","","",""
"T2-029","2","thermal_limit_mva","40","MVA","0","40","Northbridge Utility Asset Register v2026-10-07-A",,"asset_register:FD-09.thermal_limit_mva","Fictional asset FD-09; current approved maximum/limit in the frozen asset register.","48","36","","","",""
"T2-030","2","thermal_limit_mva","45","MVA","0","45","Northbridge Utility Asset Register v2026-10-07-A",,"asset_register:FD-10.thermal_limit_mva","Fictional asset FD-10; current approved maximum/limit in the frozen asset register.","54","40.5","","","",""
"T2-031","2","max_continuous_discharge_mw","5","MW","0","5","Northbridge Utility Asset Register v2026-10-07-A",,"asset_register:BESS-01.max_continuous_discharge_mw","Fictional asset BESS-01; current approved maximum/limit in the frozen asset register.","6","4.5","","","",""
"T2-032","2","max_continuous_discharge_mw","8","MW","0","8","Northbridge Utility Asset Register v2026-10-07-A",,"asset_register:BESS-02.max_continuous_discharge_mw","Fictional asset BESS-02; current approved maximum/limit in the frozen asset register.","9.6","7.2","","","",""
"T2-033","2","max_continuous_discharge_mw","10","MW","0","10","Northbridge Utility Asset Register v2026-10-07-A",,"asset_register:BESS-03.max_continuous_discharge_mw","Fictional asset BESS-03; current approved maximum/limit in the frozen asset register.","12","9","","","",""
"T2-034","2","max_continuous_discharge_mw","15","MW","0","15","Northbridge Utility Asset Register v2026-10-07-A",,"asset_register:BESS-04.max_continuous_discharge_mw","Fictional asset BESS-04; current approved maximum/limit in the frozen asset register.","18","13.5","","","",""
"T2-035","2","max_continuous_discharge_mw","20","MW","0","20","Northbridge Utility Asset Register v2026-10-07-A",,"asset_register:BESS-05.max_continuous_discharge_mw","Fictional asset BESS-05; current approved maximum/limit in the frozen asset register.","24","18","","","",""
"T2-036","2","max_continuous_discharge_mw","25","MW","0","25","Northbridge Utility Asset Register v2026-10-07-A",,"asset_register:BESS-06.max_continuous_discharge_mw","Fictional asset BESS-06; current approved maximum/limit in the frozen asset register.","30","22.5","","","",""
"T2-037","2","max_continuous_discharge_mw","30","MW","0","30","Northbridge Utility Asset Register v2026-10-07-A",,"asset_register:BESS-07.max_continuous_discharge_mw","Fictional asset BESS-07; current approved maximum/limit in the frozen asset register.","36","27","","","",""
"T2-038","2","max_continuous_discharge_mw","40","MW","0","40","Northbridge Utility Asset Register v2026-10-07-A",,"asset_register:BESS-08.max_continuous_discharge_mw","Fictional asset BESS-08; current approved maximum/limit in the frozen asset register.","48","36","","","",""
"T2-039","2","continuous_ampacity_a","320","A","0","320","Northbridge Utility Asset Register v2026-10-07-A",,"asset_register:CBL-01.continuous_ampacity_a","Fictional asset CBL-01; current approved maximum/limit in the frozen asset register.","384","288","","","",""
"T2-040","2","continuous_ampacity_a","400","A","0","400","Northbridge Utility Asset Register v2026-10-07-A",,"asset_register:CBL-02.continuous_ampacity_a","Fictional asset CBL-02; current approved maximum/limit in the frozen asset register.","480","360","","","",""
"T2-041","2","continuous_ampacity_a","480","A","0","480","Northbridge Utility Asset Register v2026-10-07-A",,"asset_register:CBL-03.continuous_ampacity_a","Fictional asset CBL-03; current approved maximum/limit in the frozen asset register.","576","432","","","",""
"T2-042","2","continuous_ampacity_a","560","A","0","560","Northbridge Utility Asset Register v2026-10-07-A",,"asset_register:CBL-04.continuous_ampacity_a","Fictional asset CBL-04; current approved maximum/limit in the frozen asset register.","672","504","","","",""
"T2-043","2","continuous_ampacity_a","630","A","0","630","Northbridge Utility Asset Register v2026-10-07-A",,"asset_register:CBL-05.continuous_ampacity_a","Fictional asset CBL-05; current approved maximum/limit in the frozen asset register.","756","567","","","",""
"T2-044","2","continuous_ampacity_a","720","A","0","720","Northbridge Utility Asset Register v2026-10-07-A",,"asset_register:CBL-06.continuous_ampacity_a","Fictional asset CBL-06; current approved maximum/limit in the frozen asset register.","864","648","","","",""
"T2-045","2","continuous_ampacity_a","800","A","0","800","Northbridge Utility Asset Register v2026-10-07-A",,"asset_register:CBL-07.continuous_ampacity_a","Fictional asset CBL-07; current approved maximum/limit in the frozen asset register.","960","720","","","",""
"T3-001","3","UV1 voltage trip setting","0.88","pu","0.88","0.88","MA TSRG DER profile","https://www.mass.gov/doc/tsrg-special-meeting-attachment-agreed-upon-settings-capabilities-operational-modes/download","Trip settings table, UV1","Massachusetts required setting",,,"","","",""
"T3-002","3","UV1 clearing time","2","s","2","2","MA TSRG DER profile","https://www.mass.gov/doc/tsrg-special-meeting-attachment-agreed-upon-settings-capabilities-operational-modes/download","Trip settings table, UV1","Massachusetts required setting",,,"","","",""
"T3-003","3","UV2 voltage trip setting","0.5","pu","0.5","0.5","MA TSRG DER profile","https://www.mass.gov/doc/tsrg-special-meeting-attachment-agreed-upon-settings-capabilities-operational-modes/download","Trip settings table, UV2","Massachusetts required setting",,,"","","",""
"T3-004","3","UV2 clearing time","1.1","s","1.1","1.1","MA TSRG DER profile","https://www.mass.gov/doc/tsrg-special-meeting-attachment-agreed-upon-settings-capabilities-operational-modes/download","Trip settings table, UV2","Massachusetts required setting",,,"","","",""
"T3-005","3","frequency no-trip minimum time","180","s","180",,"NERC PRC-024-3","https://www.nerc.com/pa/Stand/Reliability%20Standards/PRC-024-3.pdf","Attachment 1 interconnection frequency boundary tables","Western Interconnection at 60.6 Hz",,,"","","",""
"T3-006","3","frequency no-trip minimum time","540","s","540",,"NERC PRC-024-3","https://www.nerc.com/pa/Stand/Reliability%20Standards/PRC-024-3.pdf","Attachment 1 interconnection frequency boundary tables","ERCOT Interconnection at 60.6 Hz",,,"","","",""
"T3-007","3","frequency no-trip minimum time","660","s","660",,"NERC PRC-024-3","https://www.nerc.com/pa/Stand/Reliability%20Standards/PRC-024-3.pdf","Attachment 1 interconnection frequency boundary tables","Quebec Interconnection at 60.6 Hz",,,"","","",""
"T3-008","3","frequency no-trip minimum time","180","s","180",,"NERC PRC-024-3","https://www.nerc.com/pa/Stand/Reliability%20Standards/PRC-024-3.pdf","Attachment 1 interconnection frequency boundary tables","Western Interconnection at 59.4 Hz",,,"","","",""
"T3-009","3","frequency no-trip minimum time","540","s","540",,"NERC PRC-024-3","https://www.nerc.com/pa/Stand/Reliability%20Standards/PRC-024-3.pdf","Attachment 1 interconnection frequency boundary tables","ERCOT Interconnection at 59.4 Hz",,,"","","",""
"T3-010","3","frequency no-trip minimum time","660","s","660",,"NERC PRC-024-3","https://www.nerc.com/pa/Stand/Reliability%20Standards/PRC-024-3.pdf","Attachment 1 interconnection frequency boundary tables","Quebec Interconnection at 59.4 Hz",,,"","","",""
"T3-011","3","frequency no-trip minimum time","30","s","30",,"NERC PRC-024-3","https://www.nerc.com/pa/Stand/Reliability%20Standards/PRC-024-3.pdf","Attachment 1 interconnection frequency boundary tables","Western Interconnection at 58.4 Hz",,,"","","",""
"T3-012","3","frequency no-trip minimum time","30","s","30",,"NERC PRC-024-3","https://www.nerc.com/pa/Stand/Reliability%20Standards/PRC-024-3.pdf","Attachment 1 interconnection frequency boundary tables","ERCOT Interconnection at 58.4 Hz",,,"","","",""
"T3-013","3","frequency no-trip minimum time","90","s","90",,"NERC PRC-024-3","https://www.nerc.com/pa/Stand/Reliability%20Standards/PRC-024-3.pdf","Attachment 1 interconnection frequency boundary tables","Quebec Interconnection at 58.4 Hz",,,"","","",""
"T3-014","3","frequency no-trip minimum time","7.5","s","7.5",,"NERC PRC-024-3","https://www.nerc.com/pa/Stand/Reliability%20Standards/PRC-024-3.pdf","Attachment 1 interconnection frequency boundary tables","Western Interconnection at 57.8 Hz",,,"","","",""
"T3-015","3","frequency no-trip minimum time","2","s","2",,"NERC PRC-024-3","https://www.nerc.com/pa/Stand/Reliability%20Standards/PRC-024-3.pdf","Attachment 1 interconnection frequency boundary tables","ERCOT Interconnection at 57.8 Hz",,,"","","",""
"T3-016","3","frequency no-trip minimum time","90","s","90",,"NERC PRC-024-3","https://www.nerc.com/pa/Stand/Reliability%20Standards/PRC-024-3.pdf","Attachment 1 interconnection frequency boundary tables","Quebec Interconnection at 57.8 Hz",,,"","","",""
"T3-017","3","voltage no-trip minimum time","0.5","s","0.5",,"NERC PRC-024-3","https://www.nerc.com/pa/Stand/Reliability%20Standards/PRC-024-3.pdf","Attachment 2 common voltage boundary vs Attachment 2a Quebec","Eastern/Western/ERCOT common voltage boundary at 1.16 pu",,,"","","",""
"T3-018","3","voltage no-trip minimum time","30","s","30",,"NERC PRC-024-3","https://www.nerc.com/pa/Stand/Reliability%20Standards/PRC-024-3.pdf","Attachment 2a Quebec vs Attachment 2 common voltage boundary","Quebec all-power-plant voltage boundary at 1.16 pu",,,"","","",""
"T3-019","3","voltage no-trip minimum time","3","s","3",,"NERC PRC-024-3","https://www.nerc.com/pa/Stand/Reliability%20Standards/PRC-024-3.pdf","Attachment 2 common voltage boundary vs Attachment 2a Quebec","Eastern/Western/ERCOT common voltage boundary at 0.80 pu",,,"","","",""
"T3-020","3","voltage no-trip minimum time","1","s","1",,"NERC PRC-024-3","https://www.nerc.com/pa/Stand/Reliability%20Standards/PRC-024-3.pdf","Attachment 2a Quebec vs Attachment 2 common voltage boundary","Quebec all-power-plant voltage boundary at 0.70 pu",,,"","","",""
