item_id,tier,audit_status,basis,technical_note,value_change_required
T1-001,1,PASS_SOURCE_CONSISTENCY,Massachusetts TSRG / ISO-NE settings material + repository public-source audit,"Public target value and unit are consistent with the source-audited Massachusetts DER profile. Treat as profile-specific setting, not a universal IEEE setting.",NO
T1-002,1,PASS_SOURCE_CONSISTENCY,Massachusetts TSRG / ISO-NE settings material + repository public-source audit,"Public target value and unit are consistent with the source-audited Massachusetts DER profile. Treat as profile-specific setting, not a universal IEEE setting.",NO
T1-003,1,PASS_SOURCE_CONSISTENCY,Massachusetts TSRG / ISO-NE settings material + repository public-source audit,"Public target value and unit are consistent with the source-audited Massachusetts DER profile. Treat as profile-specific setting, not a universal IEEE setting.",NO
T1-004,1,PASS_SOURCE_CONSISTENCY,Massachusetts TSRG / ISO-NE settings material + repository public-source audit,"Public target value and unit are consistent with the source-audited Massachusetts DER profile. Treat as profile-specific setting, not a universal IEEE setting.",NO
T1-005,1,PASS_SOURCE_CONSISTENCY,Massachusetts TSRG / ISO-NE settings material + repository public-source audit,"Public target value and unit are consistent with the source-audited Massachusetts DER profile. Treat as profile-specific setting, not a universal IEEE setting.",NO
T1-006,1,PASS_SOURCE_CONSISTENCY,Massachusetts TSRG / ISO-NE settings material + repository public-source audit,"Public target value and unit are consistent with the source-audited Massachusetts DER profile. Treat as profile-specific setting, not a universal IEEE setting.",NO
T1-007,1,PASS_SOURCE_CONSISTENCY,Massachusetts TSRG / ISO-NE settings material + repository public-source audit,"Public target value and unit are consistent with the source-audited Massachusetts DER profile. Treat as profile-specific setting, not a universal IEEE setting.",NO
T1-008,1,PASS_SOURCE_CONSISTENCY,Massachusetts TSRG / ISO-NE settings material + repository public-source audit,"Public target value and unit are consistent with the source-audited Massachusetts DER profile. Treat as profile-specific setting, not a universal IEEE setting.",NO
T1-009,1,PASS_SOURCE_CONSISTENCY,Massachusetts/ISO-NE Default New England Bulk System Area Settings Requirement,300 s enter-service delay/duration is source-supported; exceptions are outside the benchmark scope.,NO
T1-010,1,PASS_SOURCE_CONSISTENCY,Massachusetts/ISO-NE Default New England Bulk System Area Settings Requirement,300 s enter-service delay/duration is source-supported; exceptions are outside the benchmark scope.,NO
T1-011,1,PASS_SOURCE_CONSISTENCY,OSHA 29 CFR 1910.269 Tables R-6/R-7,"Minimum-approach-distance value matches the named voltage/exposure row and <=900 m condition. Allowable bound is a benchmark minimum, not a universal physical safety region.",NO
T1-012,1,PASS_SOURCE_CONSISTENCY,OSHA 29 CFR 1910.269 Tables R-6/R-7,"Minimum-approach-distance value matches the named voltage/exposure row and <=900 m condition. Allowable bound is a benchmark minimum, not a universal physical safety region.",NO
T1-013,1,PASS_SOURCE_CONSISTENCY,OSHA 29 CFR 1910.269 Tables R-6/R-7,"Minimum-approach-distance value matches the named voltage/exposure row and <=900 m condition. Allowable bound is a benchmark minimum, not a universal physical safety region.",NO
T1-014,1,PASS_SOURCE_CONSISTENCY,OSHA 29 CFR 1910.269 Tables R-6/R-7,"Minimum-approach-distance value matches the named voltage/exposure row and <=900 m condition. Allowable bound is a benchmark minimum, not a universal physical safety region.",NO
T1-015,1,PASS_SOURCE_CONSISTENCY,OSHA 29 CFR 1910.269 Tables R-6/R-7,"Minimum-approach-distance value matches the named voltage/exposure row and <=900 m condition. Allowable bound is a benchmark minimum, not a universal physical safety region.",NO
T1-016,1,PASS_SOURCE_CONSISTENCY,OSHA 29 CFR 1910.269 Tables R-6/R-7,"Minimum-approach-distance value matches the named voltage/exposure row and <=900 m condition. Allowable bound is a benchmark minimum, not a universal physical safety region.",NO
T1-017,1,PASS_SOURCE_CONSISTENCY,OSHA 29 CFR 1910.269 Tables R-6/R-7,"Minimum-approach-distance value matches the named voltage/exposure row and <=900 m condition. Allowable bound is a benchmark minimum, not a universal physical safety region.",NO
T1-018,1,PASS_SOURCE_CONSISTENCY,OSHA 29 CFR 1910.269 Tables R-6/R-7,"Minimum-approach-distance value matches the named voltage/exposure row and <=900 m condition. Allowable bound is a benchmark minimum, not a universal physical safety region.",NO
T1-019,1,PASS_SOURCE_CONSISTENCY,OSHA 29 CFR 1910.269 Tables R-6/R-7,"Minimum-approach-distance value matches the named voltage/exposure row and <=900 m condition. Allowable bound is a benchmark minimum, not a universal physical safety region.",NO
T1-020,1,PASS_SOURCE_CONSISTENCY,OSHA 29 CFR 1910.269 Tables R-6/R-7,"Minimum-approach-distance value matches the named voltage/exposure row and <=900 m condition. Allowable bound is a benchmark minimum, not a universal physical safety region.",NO
T1-021,1,PASS_SOURCE_CONSISTENCY,OSHA 29 CFR 1910.269 Tables R-6/R-7,"Minimum-approach-distance value matches the named voltage/exposure row and <=900 m condition. Allowable bound is a benchmark minimum, not a universal physical safety region.",NO
T1-022,1,PASS_SOURCE_CONSISTENCY,OSHA 29 CFR 1910.269 Tables R-6/R-7,"Minimum-approach-distance value matches the named voltage/exposure row and <=900 m condition. Allowable bound is a benchmark minimum, not a universal physical safety region.",NO
T1-023,1,PASS_SOURCE_CONSISTENCY,OSHA 29 CFR 1910.269 Tables R-6/R-7,"Minimum-approach-distance value matches the named voltage/exposure row and <=900 m condition. Allowable bound is a benchmark minimum, not a universal physical safety region.",NO
T1-024,1,PASS_SOURCE_CONSISTENCY,OSHA 29 CFR 1910.269 Tables R-6/R-7,"Minimum-approach-distance value matches the named voltage/exposure row and <=900 m condition. Allowable bound is a benchmark minimum, not a universal physical safety region.",NO
T1-025,1,PASS_SOURCE_CONSISTENCY,OSHA 29 CFR 1910.269 Tables R-6/R-7,"Minimum-approach-distance value matches the named voltage/exposure row and <=900 m condition. Allowable bound is a benchmark minimum, not a universal physical safety region.",NO
T1-026,1,PASS_SOURCE_CONSISTENCY,OSHA 29 CFR 1910.269 Tables R-6/R-7,"Minimum-approach-distance value matches the named voltage/exposure row and <=900 m condition. Allowable bound is a benchmark minimum, not a universal physical safety region.",NO
T1-027,1,PASS_SOURCE_CONSISTENCY,OSHA 29 CFR 1910.269 Tables R-6/R-7,"Minimum-approach-distance value matches the named voltage/exposure row and <=900 m condition. Allowable bound is a benchmark minimum, not a universal physical safety region.",NO
T1-028,1,PASS_SOURCE_CONSISTENCY,OSHA 29 CFR 1910.269 Tables R-6/R-7,"Minimum-approach-distance value matches the named voltage/exposure row and <=900 m condition. Allowable bound is a benchmark minimum, not a universal physical safety region.",NO
T1-029,1,PASS_SOURCE_CONSISTENCY,NERC PRC-024-3 Attachment 1,"Frequency boundary value is consistent with the named interconnection. It is a minimum no-trip boundary, not a relay-setting prescription; outside the no-trip zone is not a must-trip zone.",NO
T1-030,1,PASS_SOURCE_CONSISTENCY,NERC PRC-024-3 Attachment 1,"Frequency boundary value is consistent with the named interconnection. It is a minimum no-trip boundary, not a relay-setting prescription; outside the no-trip zone is not a must-trip zone.",NO
T1-031,1,PASS_SOURCE_CONSISTENCY,NERC PRC-024-3 Attachment 1,"Frequency boundary value is consistent with the named interconnection. It is a minimum no-trip boundary, not a relay-setting prescription; outside the no-trip zone is not a must-trip zone.",NO
T1-032,1,PASS_SOURCE_CONSISTENCY,NERC PRC-024-3 Attachment 1,"Frequency boundary value is consistent with the named interconnection. It is a minimum no-trip boundary, not a relay-setting prescription; outside the no-trip zone is not a must-trip zone.",NO
T1-033,1,PASS_SOURCE_CONSISTENCY,NERC PRC-024-3 Attachment 1,"Frequency boundary value is consistent with the named interconnection. It is a minimum no-trip boundary, not a relay-setting prescription; outside the no-trip zone is not a must-trip zone.",NO
T1-034,1,PASS_SOURCE_CONSISTENCY,NERC PRC-024-3 Attachment 1,"Frequency boundary value is consistent with the named interconnection. It is a minimum no-trip boundary, not a relay-setting prescription; outside the no-trip zone is not a must-trip zone.",NO
T1-035,1,PASS_SOURCE_CONSISTENCY,NERC PRC-024-3 Attachment 1,"Frequency boundary value is consistent with the named interconnection. It is a minimum no-trip boundary, not a relay-setting prescription; outside the no-trip zone is not a must-trip zone.",NO
T2-001,2,PASS_SYNTHETIC_PLAUSIBILITY,Fictional asset register + power-system magnitude consistency,"Synthetic 32-125 MVA emergency ratings across 33-220 kV are technically plausible as benchmark record values; not validated as a real utility design. The [0, record] allowable interval is a record-constrained benchmark bound, not a physical safe operating envelope.",NO
T2-002,2,PASS_SYNTHETIC_PLAUSIBILITY,Fictional asset register + power-system magnitude consistency,"Synthetic 32-125 MVA emergency ratings across 33-220 kV are technically plausible as benchmark record values; not validated as a real utility design. The [0, record] allowable interval is a record-constrained benchmark bound, not a physical safe operating envelope.",NO
T2-003,2,PASS_SYNTHETIC_PLAUSIBILITY,Fictional asset register + power-system magnitude consistency,"Synthetic 32-125 MVA emergency ratings across 33-220 kV are technically plausible as benchmark record values; not validated as a real utility design. The [0, record] allowable interval is a record-constrained benchmark bound, not a physical safe operating envelope.",NO
T2-004,2,PASS_SYNTHETIC_PLAUSIBILITY,Fictional asset register + power-system magnitude consistency,"Synthetic 32-125 MVA emergency ratings across 33-220 kV are technically plausible as benchmark record values; not validated as a real utility design. The [0, record] allowable interval is a record-constrained benchmark bound, not a physical safe operating envelope.",NO
T2-005,2,PASS_SYNTHETIC_PLAUSIBILITY,Fictional asset register + power-system magnitude consistency,"Synthetic 32-125 MVA emergency ratings across 33-220 kV are technically plausible as benchmark record values; not validated as a real utility design. The [0, record] allowable interval is a record-constrained benchmark bound, not a physical safe operating envelope.",NO
T2-006,2,PASS_SYNTHETIC_PLAUSIBILITY,Fictional asset register + power-system magnitude consistency,"Synthetic 32-125 MVA emergency ratings across 33-220 kV are technically plausible as benchmark record values; not validated as a real utility design. The [0, record] allowable interval is a record-constrained benchmark bound, not a physical safe operating envelope.",NO
T2-007,2,PASS_SYNTHETIC_PLAUSIBILITY,Fictional asset register + power-system magnitude consistency,"Synthetic 32-125 MVA emergency ratings across 33-220 kV are technically plausible as benchmark record values; not validated as a real utility design. The [0, record] allowable interval is a record-constrained benchmark bound, not a physical safe operating envelope.",NO
T2-008,2,PASS_SYNTHETIC_PLAUSIBILITY,Fictional asset register + power-system magnitude consistency,"Synthetic 32-125 MVA emergency ratings across 33-220 kV are technically plausible as benchmark record values; not validated as a real utility design. The [0, record] allowable interval is a record-constrained benchmark bound, not a physical safe operating envelope.",NO
T2-009,2,PASS_SYNTHETIC_PLAUSIBILITY,Fictional asset register + power-system magnitude consistency,"Synthetic 32-125 MVA emergency ratings across 33-220 kV are technically plausible as benchmark record values; not validated as a real utility design. The [0, record] allowable interval is a record-constrained benchmark bound, not a physical safe operating envelope.",NO
T2-010,2,PASS_SYNTHETIC_PLAUSIBILITY,Fictional asset register + power-system magnitude consistency,"Synthetic 32-125 MVA emergency ratings across 33-220 kV are technically plausible as benchmark record values; not validated as a real utility design. The [0, record] allowable interval is a record-constrained benchmark bound, not a physical safe operating envelope.",NO
T2-011,2,PASS_SYNTHETIC_PLAUSIBILITY,Fictional asset register + power-system magnitude consistency,"Synthetic 1250-4000 A continuous-current ratings use plausible equipment-rating magnitudes; voltage/current pairing is context-dependent but not implausible for a fictional register. The [0, record] allowable interval is a record-constrained benchmark bound, not a physical safe operating envelope.",NO
T2-012,2,PASS_SYNTHETIC_PLAUSIBILITY,Fictional asset register + power-system magnitude consistency,"Synthetic 1250-4000 A continuous-current ratings use plausible equipment-rating magnitudes; voltage/current pairing is context-dependent but not implausible for a fictional register. The [0, record] allowable interval is a record-constrained benchmark bound, not a physical safe operating envelope.",NO
T2-013,2,PASS_SYNTHETIC_PLAUSIBILITY,Fictional asset register + power-system magnitude consistency,"Synthetic 1250-4000 A continuous-current ratings use plausible equipment-rating magnitudes; voltage/current pairing is context-dependent but not implausible for a fictional register. The [0, record] allowable interval is a record-constrained benchmark bound, not a physical safe operating envelope.",NO
T2-014,2,PASS_SYNTHETIC_PLAUSIBILITY,Fictional asset register + power-system magnitude consistency,"Synthetic 1250-4000 A continuous-current ratings use plausible equipment-rating magnitudes; voltage/current pairing is context-dependent but not implausible for a fictional register. The [0, record] allowable interval is a record-constrained benchmark bound, not a physical safe operating envelope.",NO
T2-015,2,PASS_SYNTHETIC_PLAUSIBILITY,Fictional asset register + power-system magnitude consistency,"Synthetic 1250-4000 A continuous-current ratings use plausible equipment-rating magnitudes; voltage/current pairing is context-dependent but not implausible for a fictional register. The [0, record] allowable interval is a record-constrained benchmark bound, not a physical safe operating envelope.",NO
T2-016,2,PASS_SYNTHETIC_PLAUSIBILITY,Fictional asset register + power-system magnitude consistency,"Synthetic 1250-4000 A continuous-current ratings use plausible equipment-rating magnitudes; voltage/current pairing is context-dependent but not implausible for a fictional register. The [0, record] allowable interval is a record-constrained benchmark bound, not a physical safe operating envelope.",NO
T2-017,2,PASS_SYNTHETIC_PLAUSIBILITY,Fictional asset register + power-system magnitude consistency,"Synthetic 1250-4000 A continuous-current ratings use plausible equipment-rating magnitudes; voltage/current pairing is context-dependent but not implausible for a fictional register. The [0, record] allowable interval is a record-constrained benchmark bound, not a physical safe operating envelope.",NO
T2-018,2,PASS_SYNTHETIC_PLAUSIBILITY,Fictional asset register + power-system magnitude consistency,"Synthetic 1250-4000 A continuous-current ratings use plausible equipment-rating magnitudes; voltage/current pairing is context-dependent but not implausible for a fictional register. The [0, record] allowable interval is a record-constrained benchmark bound, not a physical safe operating envelope.",NO
T2-019,2,PASS_SYNTHETIC_PLAUSIBILITY,Fictional asset register + power-system magnitude consistency,"Synthetic 1250-4000 A continuous-current ratings use plausible equipment-rating magnitudes; voltage/current pairing is context-dependent but not implausible for a fictional register. The [0, record] allowable interval is a record-constrained benchmark bound, not a physical safe operating envelope.",NO
T2-020,2,PASS_SYNTHETIC_PLAUSIBILITY,Fictional asset register + power-system magnitude consistency,"Synthetic 1250-4000 A continuous-current ratings use plausible equipment-rating magnitudes; voltage/current pairing is context-dependent but not implausible for a fictional register. The [0, record] allowable interval is a record-constrained benchmark bound, not a physical safe operating envelope.",NO
T2-021,2,PASS_SYNTHETIC_PLAUSIBILITY,Fictional asset register + power-system magnitude consistency,"Synthetic 12-45 MVA feeder limits across 11-66 kV imply plausible current magnitudes for a fictional utility asset register. The [0, record] allowable interval is a record-constrained benchmark bound, not a physical safe operating envelope.",NO
T2-022,2,PASS_SYNTHETIC_PLAUSIBILITY,Fictional asset register + power-system magnitude consistency,"Synthetic 12-45 MVA feeder limits across 11-66 kV imply plausible current magnitudes for a fictional utility asset register. The [0, record] allowable interval is a record-constrained benchmark bound, not a physical safe operating envelope.",NO
T2-023,2,PASS_SYNTHETIC_PLAUSIBILITY,Fictional asset register + power-system magnitude consistency,"Synthetic 12-45 MVA feeder limits across 11-66 kV imply plausible current magnitudes for a fictional utility asset register. The [0, record] allowable interval is a record-constrained benchmark bound, not a physical safe operating envelope.",NO
T2-024,2,PASS_SYNTHETIC_PLAUSIBILITY,Fictional asset register + power-system magnitude consistency,"Synthetic 12-45 MVA feeder limits across 11-66 kV imply plausible current magnitudes for a fictional utility asset register. The [0, record] allowable interval is a record-constrained benchmark bound, not a physical safe operating envelope.",NO
T2-025,2,PASS_SYNTHETIC_PLAUSIBILITY,Fictional asset register + power-system magnitude consistency,"Synthetic 12-45 MVA feeder limits across 11-66 kV imply plausible current magnitudes for a fictional utility asset register. The [0, record] allowable interval is a record-constrained benchmark bound, not a physical safe operating envelope.",NO
T2-026,2,PASS_SYNTHETIC_PLAUSIBILITY,Fictional asset register + power-system magnitude consistency,"Synthetic 12-45 MVA feeder limits across 11-66 kV imply plausible current magnitudes for a fictional utility asset register. The [0, record] allowable interval is a record-constrained benchmark bound, not a physical safe operating envelope.",NO
T2-027,2,PASS_SYNTHETIC_PLAUSIBILITY,Fictional asset register + power-system magnitude consistency,"Synthetic 12-45 MVA feeder limits across 11-66 kV imply plausible current magnitudes for a fictional utility asset register. The [0, record] allowable interval is a record-constrained benchmark bound, not a physical safe operating envelope.",NO
T2-028,2,PASS_SYNTHETIC_PLAUSIBILITY,Fictional asset register + power-system magnitude consistency,"Synthetic 12-45 MVA feeder limits across 11-66 kV imply plausible current magnitudes for a fictional utility asset register. The [0, record] allowable interval is a record-constrained benchmark bound, not a physical safe operating envelope.",NO
T2-029,2,PASS_SYNTHETIC_PLAUSIBILITY,Fictional asset register + power-system magnitude consistency,"Synthetic 12-45 MVA feeder limits across 11-66 kV imply plausible current magnitudes for a fictional utility asset register. The [0, record] allowable interval is a record-constrained benchmark bound, not a physical safe operating envelope.",NO
T2-030,2,PASS_SYNTHETIC_PLAUSIBILITY,Fictional asset register + power-system magnitude consistency,"Synthetic 12-45 MVA feeder limits across 11-66 kV imply plausible current magnitudes for a fictional utility asset register. The [0, record] allowable interval is a record-constrained benchmark bound, not a physical safe operating envelope.",NO
T2-031,2,PASS_SYNTHETIC_PLAUSIBILITY,Fictional asset register + power-system magnitude consistency,"Synthetic 5-40 MW continuous-discharge limits across 11-66 kV are plausible facility-scale record values. The [0, record] allowable interval is a record-constrained benchmark bound, not a physical safe operating envelope.",NO
T2-032,2,PASS_SYNTHETIC_PLAUSIBILITY,Fictional asset register + power-system magnitude consistency,"Synthetic 5-40 MW continuous-discharge limits across 11-66 kV are plausible facility-scale record values. The [0, record] allowable interval is a record-constrained benchmark bound, not a physical safe operating envelope.",NO
T2-033,2,PASS_SYNTHETIC_PLAUSIBILITY,Fictional asset register + power-system magnitude consistency,"Synthetic 5-40 MW continuous-discharge limits across 11-66 kV are plausible facility-scale record values. The [0, record] allowable interval is a record-constrained benchmark bound, not a physical safe operating envelope.",NO
T2-034,2,PASS_SYNTHETIC_PLAUSIBILITY,Fictional asset register + power-system magnitude consistency,"Synthetic 5-40 MW continuous-discharge limits across 11-66 kV are plausible facility-scale record values. The [0, record] allowable interval is a record-constrained benchmark bound, not a physical safe operating envelope.",NO
T2-035,2,PASS_SYNTHETIC_PLAUSIBILITY,Fictional asset register + power-system magnitude consistency,"Synthetic 5-40 MW continuous-discharge limits across 11-66 kV are plausible facility-scale record values. The [0, record] allowable interval is a record-constrained benchmark bound, not a physical safe operating envelope.",NO
T2-036,2,PASS_SYNTHETIC_PLAUSIBILITY,Fictional asset register + power-system magnitude consistency,"Synthetic 5-40 MW continuous-discharge limits across 11-66 kV are plausible facility-scale record values. The [0, record] allowable interval is a record-constrained benchmark bound, not a physical safe operating envelope.",NO
T2-037,2,PASS_SYNTHETIC_PLAUSIBILITY,Fictional asset register + power-system magnitude consistency,"Synthetic 5-40 MW continuous-discharge limits across 11-66 kV are plausible facility-scale record values. The [0, record] allowable interval is a record-constrained benchmark bound, not a physical safe operating envelope.",NO
T2-038,2,PASS_SYNTHETIC_PLAUSIBILITY,Fictional asset register + power-system magnitude consistency,"Synthetic 5-40 MW continuous-discharge limits across 11-66 kV are plausible facility-scale record values. The [0, record] allowable interval is a record-constrained benchmark bound, not a physical safe operating envelope.",NO
T2-039,2,PASS_SYNTHETIC_PLAUSIBILITY,Fictional asset register + power-system magnitude consistency,"Synthetic 320-800 A cable ampacity values across 11-66 kV are plausible in magnitude but depend on conductor, installation, ambient and thermal conditions in real systems. The [0, record] allowable interval is a record-constrained benchmark bound, not a physical safe operating envelope.",NO
T2-040,2,PASS_SYNTHETIC_PLAUSIBILITY,Fictional asset register + power-system magnitude consistency,"Synthetic 320-800 A cable ampacity values across 11-66 kV are plausible in magnitude but depend on conductor, installation, ambient and thermal conditions in real systems. The [0, record] allowable interval is a record-constrained benchmark bound, not a physical safe operating envelope.",NO
T2-041,2,PASS_SYNTHETIC_PLAUSIBILITY,Fictional asset register + power-system magnitude consistency,"Synthetic 320-800 A cable ampacity values across 11-66 kV are plausible in magnitude but depend on conductor, installation, ambient and thermal conditions in real systems. The [0, record] allowable interval is a record-constrained benchmark bound, not a physical safe operating envelope.",NO
T2-042,2,PASS_SYNTHETIC_PLAUSIBILITY,Fictional asset register + power-system magnitude consistency,"Synthetic 320-800 A cable ampacity values across 11-66 kV are plausible in magnitude but depend on conductor, installation, ambient and thermal conditions in real systems. The [0, record] allowable interval is a record-constrained benchmark bound, not a physical safe operating envelope.",NO
T2-043,2,PASS_SYNTHETIC_PLAUSIBILITY,Fictional asset register + power-system magnitude consistency,"Synthetic 320-800 A cable ampacity values across 11-66 kV are plausible in magnitude but depend on conductor, installation, ambient and thermal conditions in real systems. The [0, record] allowable interval is a record-constrained benchmark bound, not a physical safe operating envelope.",NO
T2-044,2,PASS_SYNTHETIC_PLAUSIBILITY,Fictional asset register + power-system magnitude consistency,"Synthetic 320-800 A cable ampacity values across 11-66 kV are plausible in magnitude but depend on conductor, installation, ambient and thermal conditions in real systems. The [0, record] allowable interval is a record-constrained benchmark bound, not a physical safe operating envelope.",NO
T2-045,2,PASS_SYNTHETIC_PLAUSIBILITY,Fictional asset register + power-system magnitude consistency,"Synthetic 320-800 A cable ampacity values across 11-66 kV are plausible in magnitude but depend on conductor, installation, ambient and thermal conditions in real systems. The [0, record] allowable interval is a record-constrained benchmark bound, not a physical safe operating envelope.",NO
T3-001,3,PASS_CONFLICT_LOGIC,Massachusetts DER profile versus IEEE 1547 Category II default comparison encoded in the cited source,Conflict is technically meaningful because the query names the Massachusetts profile while the alternative represents a generic/default IEEE category value.,NO
T3-002,3,PASS_CONFLICT_LOGIC,Massachusetts DER profile versus IEEE 1547 Category II default comparison encoded in the cited source,Conflict is technically meaningful because the query names the Massachusetts profile while the alternative represents a generic/default IEEE category value.,NO
T3-003,3,PASS_CONFLICT_LOGIC,Massachusetts DER profile versus IEEE 1547 Category II default comparison encoded in the cited source,Conflict is technically meaningful because the query names the Massachusetts profile while the alternative represents a generic/default IEEE category value.,NO
T3-004,3,PASS_CONFLICT_LOGIC,Massachusetts DER profile versus IEEE 1547 Category II default comparison encoded in the cited source,Conflict is technically meaningful because the query names the Massachusetts profile while the alternative represents a generic/default IEEE category value.,NO
T3-005,3,PASS_CONFLICT_LOGIC,NERC PRC-024-3 Attachment 1 interconnection-specific frequency boundaries,"Conflict is technically meaningful: Western, ERCOT and Quebec have different no-trip minimum-time boundaries. Query scope resolves the applicable interconnection.",NO
T3-006,3,PASS_CONFLICT_LOGIC,NERC PRC-024-3 Attachment 1 interconnection-specific frequency boundaries,"Conflict is technically meaningful: Western, ERCOT and Quebec have different no-trip minimum-time boundaries. Query scope resolves the applicable interconnection.",NO
T3-007,3,PASS_CONFLICT_LOGIC,NERC PRC-024-3 Attachment 1 interconnection-specific frequency boundaries,"Conflict is technically meaningful: Western, ERCOT and Quebec have different no-trip minimum-time boundaries. Query scope resolves the applicable interconnection.",NO
T3-008,3,PASS_CONFLICT_LOGIC,NERC PRC-024-3 Attachment 1 interconnection-specific frequency boundaries,"Conflict is technically meaningful: Western, ERCOT and Quebec have different no-trip minimum-time boundaries. Query scope resolves the applicable interconnection.",NO
T3-009,3,PASS_CONFLICT_LOGIC,NERC PRC-024-3 Attachment 1 interconnection-specific frequency boundaries,"Conflict is technically meaningful: Western, ERCOT and Quebec have different no-trip minimum-time boundaries. Query scope resolves the applicable interconnection.",NO
T3-010,3,PASS_CONFLICT_LOGIC,NERC PRC-024-3 Attachment 1 interconnection-specific frequency boundaries,"Conflict is technically meaningful: Western, ERCOT and Quebec have different no-trip minimum-time boundaries. Query scope resolves the applicable interconnection.",NO
T3-011,3,PASS_CONFLICT_LOGIC,NERC PRC-024-3 Attachment 1 interconnection-specific frequency boundaries,"Conflict is technically meaningful: Western, ERCOT and Quebec have different no-trip minimum-time boundaries. Query scope resolves the applicable interconnection.",NO
T3-012,3,PASS_CONFLICT_LOGIC,NERC PRC-024-3 Attachment 1 interconnection-specific frequency boundaries,"Conflict is technically meaningful: Western, ERCOT and Quebec have different no-trip minimum-time boundaries. Query scope resolves the applicable interconnection.",NO
T3-013,3,PASS_CONFLICT_LOGIC,NERC PRC-024-3 Attachment 1 interconnection-specific frequency boundaries,"Conflict is technically meaningful: Western, ERCOT and Quebec have different no-trip minimum-time boundaries. Query scope resolves the applicable interconnection.",NO
T3-014,3,PASS_CONFLICT_LOGIC,NERC PRC-024-3 Attachment 1 interconnection-specific frequency boundaries,"Conflict is technically meaningful: Western, ERCOT and Quebec have different no-trip minimum-time boundaries. Query scope resolves the applicable interconnection.",NO
T3-015,3,PASS_CONFLICT_LOGIC,NERC PRC-024-3 Attachment 1 interconnection-specific frequency boundaries,"Conflict is technically meaningful: Western, ERCOT and Quebec have different no-trip minimum-time boundaries. Query scope resolves the applicable interconnection.",NO
T3-016,3,PASS_CONFLICT_LOGIC,NERC PRC-024-3 Attachment 1 interconnection-specific frequency boundaries,"Conflict is technically meaningful: Western, ERCOT and Quebec have different no-trip minimum-time boundaries. Query scope resolves the applicable interconnection.",NO
T3-017,3,PASS_CONFLICT_LOGIC,NERC PRC-024-3 Attachments 2/2a voltage no-trip boundaries,Conflict is technically meaningful: common Eastern/Western/ERCOT boundaries differ from Quebec-specific all-power-plant boundaries at the named voltage.,NO
T3-018,3,PASS_CONFLICT_LOGIC,NERC PRC-024-3 Attachments 2/2a voltage no-trip boundaries,Conflict is technically meaningful: common Eastern/Western/ERCOT boundaries differ from Quebec-specific all-power-plant boundaries at the named voltage.,NO
T3-019,3,PASS_CONFLICT_LOGIC,NERC PRC-024-3 Attachments 2/2a voltage no-trip boundaries,Conflict is technically meaningful: common Eastern/Western/ERCOT boundaries differ from Quebec-specific all-power-plant boundaries at the named voltage.,NO
T3-020,3,PASS_CONFLICT_LOGIC,NERC PRC-024-3 Attachments 2/2a voltage no-trip boundaries,Conflict is technically meaningful: common Eastern/Western/ERCOT boundaries differ from Quebec-specific all-power-plant boundaries at the named voltage.,NO
